kalimat,label
Film ini sangat bagus dan menarik ke-1,positif
Film ini sangat bagus dan menarik ke-2,positif
Film ini sangat bagus dan menarik ke-3,positif
Film ini sangat bagus dan menarik ke-4,positif
Film ini sangat bagus dan menarik ke-5,positif
Film ini sangat bagus dan menarik ke-6,positif
Film ini sangat bagus dan menarik ke-7,positif
Film ini sangat bagus dan menarik ke-8,positif
Film ini sangat bagus dan menarik ke-9,positif
Film ini sangat bagus dan menarik ke-10,positif
Film ini sangat bagus dan menarik ke-11,positif
Film ini sangat bagus dan menarik ke-12,positif
Film ini sangat bagus dan menarik ke-13,positif
Film ini sangat bagus dan menarik ke-14,positif
Film ini sangat bagus dan menarik ke-15,positif
Film ini sangat bagus dan menarik ke-16,positif
Film ini sangat bagus dan menarik ke-17,positif
Film ini sangat bagus dan menarik ke-18,positif
Film ini sangat bagus dan menarik ke-19,positif
Film ini sangat bagus dan menarik ke-20,positif
Film ini sangat bagus dan menarik ke-21,positif
Film ini sangat bagus dan menarik ke-22,positif
Film ini sangat bagus dan menarik ke-23,positif
Film ini sangat bagus dan menarik ke-24,positif
Film ini sangat bagus dan menarik ke-25,positif
Film ini sangat bagus dan menarik ke-26,positif
Film ini sangat bagus dan menarik ke-27,positif
Film ini sangat bagus dan menarik ke-28,positif
Film ini sangat bagus dan menarik ke-29,positif
Film ini sangat bagus dan menarik ke-30,positif
Film ini sangat bagus dan menarik ke-31,positif
Film ini sangat bagus dan menarik ke-32,positif
Film ini sangat bagus dan menarik ke-33,positif
Film ini sangat bagus dan menarik ke-34,positif
Film ini sangat bagus dan menarik ke-35,positif
Film ini sangat bagus dan menarik ke-36,positif
Film ini sangat bagus dan menarik ke-37,positif
Film ini sangat bagus dan menarik ke-38,positif
Film ini sangat bagus dan menarik ke-39,positif
Film ini sangat bagus dan menarik ke-40,positif
Film ini sangat bagus dan menarik ke-41,positif
Film ini sangat bagus dan menarik ke-42,positif
Film ini sangat bagus dan menarik ke-43,positif
Film ini sangat bagus dan menarik ke-44,positif
Film ini sangat bagus dan menarik ke-45,positif
Film ini sangat bagus dan menarik ke-46,positif
Film ini sangat bagus dan menarik ke-47,positif
Film ini sangat bagus dan menarik ke-48,positif
Film ini sangat bagus dan menarik ke-49,positif
Film ini sangat bagus dan menarik ke-50,positif
Film ini sangat bagus dan menarik ke-51,positif
Film ini sangat bagus dan menarik ke-52,positif
Film ini sangat bagus dan menarik ke-53,positif
Film ini sangat bagus dan menarik ke-54,positif
Film ini sangat bagus dan menarik ke-55,positif
Film ini sangat bagus dan menarik ke-56,positif
Film ini sangat bagus dan menarik ke-57,positif
Film ini sangat bagus dan menarik ke-58,positif
Film ini sangat bagus dan menarik ke-59,positif
Film ini sangat bagus dan menarik ke-60,positif
Film ini sangat bagus dan menarik ke-61,positif
Film ini sangat bagus dan menarik ke-62,positif
Film ini sangat bagus dan menarik ke-63,positif
Film ini sangat bagus dan menarik ke-64,positif
Film ini sangat bagus dan menarik ke-65,positif
Film ini sangat bagus dan menarik ke-66,positif
Film ini sangat bagus dan menarik ke-67,positif
Film ini sangat bagus dan menarik ke-68,positif
Film ini sangat bagus dan menarik ke-69,positif
Film ini sangat bagus dan menarik ke-70,positif
Film ini sangat bagus dan menarik ke-71,positif
Film ini sangat bagus dan menarik ke-72,positif
Film ini sangat bagus dan menarik ke-73,positif
Film ini sangat bagus dan menarik ke-74,positif
Film ini sangat bagus dan menarik ke-75,positif
Film ini sangat bagus dan menarik ke-76,positif
Film ini sangat bagus dan menarik ke-77,positif
Film ini sangat bagus dan menarik ke-78,positif
Film ini sangat bagus dan menarik ke-79,positif
Film ini sangat bagus dan menarik ke-80,positif
Film ini sangat bagus dan menarik ke-81,positif
Film ini sangat bagus dan menarik ke-82,positif
Film ini sangat bagus dan menarik ke-83,positif
Film ini sangat bagus dan menarik ke-84,positif
Film ini sangat bagus dan menarik ke-85,positif
Film ini sangat bagus dan menarik ke-86,positif
Film ini sangat bagus dan menarik ke-87,positif
Film ini sangat bagus dan menarik ke-88,positif
Film ini sangat bagus dan menarik ke-89,positif
Film ini sangat bagus dan menarik ke-90,positif
Film ini sangat bagus dan menarik ke-91,positif
Film ini sangat bagus dan menarik ke-92,positif
Film ini sangat bagus dan menarik ke-93,positif
Film ini sangat bagus dan menarik ke-94,positif
Film ini sangat bagus dan menarik ke-95,positif
Film ini sangat bagus dan menarik ke-96,positif
Film ini sangat bagus dan menarik ke-97,positif
Film ini sangat bagus dan menarik ke-98,positif
Film ini sangat bagus dan menarik ke-99,positif
Film ini sangat bagus dan menarik ke-100,positif
Film ini sangat bagus dan menarik ke-101,negatif
Film ini sangat bagus dan menarik ke-102,negatif
Film ini sangat bagus dan menarik ke-103,negatif
Film ini sangat bagus dan menarik ke-104,negatif
Film ini sangat bagus dan menarik ke-105,negatif
Film ini sangat bagus dan menarik ke-106,negatif
Film ini sangat bagus dan menarik ke-107,negatif
Film ini sangat bagus dan menarik ke-108,negatif
Film ini sangat bagus dan menarik ke-109,negatif
Film ini sangat bagus dan menarik ke-110,negatif
Film ini sangat bagus dan menarik ke-111,negatif
Film ini sangat bagus dan menarik ke-112,negatif
Film ini sangat bagus dan menarik ke-113,negatif
Film ini sangat bagus dan menarik ke-114,negatif
Film ini sangat bagus dan menarik ke-115,negatif
Film ini sangat bagus dan menarik ke-116,negatif
Film ini sangat bagus dan menarik ke-117,negatif
Film ini sangat bagus dan menarik ke-118,negatif
Film ini sangat bagus dan menarik ke-119,negatif
Film ini sangat bagus dan menarik ke-120,negatif
Film ini sangat bagus dan menarik ke-121,negatif
Film ini sangat bagus dan menarik ke-122,negatif
Film ini sangat bagus dan menarik ke-123,negatif
Film ini sangat bagus dan menarik ke-124,negatif
Film ini sangat bagus dan menarik ke-125,negatif
Film ini sangat bagus dan menarik ke-126,negatif
Film ini sangat bagus dan menarik ke-127,negatif
Film ini sangat bagus dan menarik ke-128,negatif
Film ini sangat bagus dan menarik ke-129,negatif
Film ini sangat bagus dan menarik ke-130,negatif
Film ini sangat bagus dan menarik ke-131,negatif
Film ini sangat bagus dan menarik ke-132,negatif
Film ini sangat bagus dan menarik ke-133,negatif
Film ini sangat bagus dan menarik ke-134,negatif
Film ini sangat bagus dan menarik ke-135,negatif
Film ini sangat bagus dan menarik ke-136,negatif
Film ini sangat bagus dan menarik ke-137,negatif
Film ini sangat bagus dan menarik ke-138,negatif
Film ini sangat bagus dan menarik ke-139,negatif
Film ini sangat bagus dan menarik ke-140,negatif
Film ini sangat bagus dan menarik ke-141,negatif
Film ini sangat bagus dan menarik ke-142,negatif
Film ini sangat bagus dan menarik ke-143,negatif
Film ini sangat bagus dan menarik ke-144,negatif
Film ini sangat bagus dan menarik ke-145,negatif
Film ini sangat bagus dan menarik ke-146,negatif
Film ini sangat bagus dan menarik ke-147,negatif
Film ini sangat bagus dan menarik ke-148,negatif
Film ini sangat bagus dan menarik ke-149,negatif
Film ini sangat bagus dan menarik ke-150,negatif
Film ini sangat bagus dan menarik ke-151,negatif
Film ini sangat bagus dan menarik ke-152,negatif
Film ini sangat bagus dan menarik ke-153,negatif
Film ini sangat bagus dan menarik ke-154,negatif
Film ini sangat bagus dan menarik ke-155,negatif
Film ini sangat bagus dan menarik ke-156,negatif
Film ini sangat bagus dan menarik ke-157,negatif
Film ini sangat bagus dan menarik ke-158,negatif
Film ini sangat bagus dan menarik ke-159,negatif
Film ini sangat bagus dan menarik ke-160,negatif
Film ini sangat bagus dan menarik ke-161,negatif
Film ini sangat bagus dan menarik ke-162,negatif
Film ini sangat bagus dan menarik ke-163,negatif
Film ini sangat bagus dan menarik ke-164,negatif
Film ini sangat bagus dan menarik ke-165,negatif
Film ini sangat bagus dan menarik ke-166,negatif
Film ini sangat bagus dan menarik ke-167,negatif
Film ini sangat bagus dan menarik ke-168,negatif
Film ini sangat bagus dan menarik ke-169,negatif
Film ini sangat bagus dan menarik ke-170,negatif
Film ini sangat bagus dan menarik ke-171,negatif
Film ini sangat bagus dan menarik ke-172,negatif
Film ini sangat bagus dan menarik ke-173,negatif
Film ini sangat bagus dan menarik ke-174,negatif
Film ini sangat bagus dan menarik ke-175,negatif
Film ini sangat bagus dan menarik ke-176,negatif
Film ini sangat bagus dan menarik ke-177,negatif
Film ini sangat bagus dan menarik ke-178,negatif
Film ini sangat bagus dan menarik ke-179,negatif
Film ini sangat bagus dan menarik ke-180,negatif
Film ini sangat bagus dan menarik ke-181,negatif
Film ini sangat bagus dan menarik ke-182,negatif
Film ini sangat bagus dan menarik ke-183,negatif
Film ini sangat bagus dan menarik ke-184,negatif
Film ini sangat bagus dan menarik ke-185,negatif
Film ini sangat bagus dan menarik ke-186,negatif
Film ini sangat bagus dan menarik ke-187,negatif
Film ini sangat bagus dan menarik ke-188,negatif
Film ini sangat bagus dan menarik ke-189,negatif
Film ini sangat bagus dan menarik ke-190,negatif
Film ini sangat bagus dan menarik ke-191,negatif
Film ini sangat bagus dan menarik ke-192,negatif
Film ini sangat bagus dan menarik ke-193,negatif
Film ini sangat bagus dan menarik ke-194,negatif
Film ini sangat bagus dan menarik ke-195,negatif
Film ini sangat bagus dan menarik ke-196,negatif
Film ini sangat bagus dan menarik ke-197,negatif
Film ini sangat bagus dan menarik ke-198,negatif
Film ini sangat bagus dan menarik ke-199,negatif
Film ini sangat bagus dan menarik ke-200,negatif
Film ini sangat bagus dan menarik ke-201,netral
Film ini sangat bagus dan menarik ke-202,netral
Film ini sangat bagus dan menarik ke-203,netral
Film ini sangat bagus dan menarik ke-204,netral
Film ini sangat bagus dan menarik ke-205,netral
Film ini sangat bagus dan menarik ke-206,netral
Film ini sangat bagus dan menarik ke-207,netral
Film ini sangat bagus dan menarik ke-208,netral
Film ini sangat bagus dan menarik ke-209,netral
Film ini sangat bagus dan menarik ke-210,netral
Film ini sangat bagus dan menarik ke-211,netral
Film ini sangat bagus dan menarik ke-212,netral
Film ini sangat bagus dan menarik ke-213,netral
Film ini sangat bagus dan menarik ke-214,netral
Film ini sangat bagus dan menarik ke-215,netral
Film ini sangat bagus dan menarik ke-216,netral
Film ini sangat bagus dan menarik ke-217,netral
Film ini sangat bagus dan menarik ke-218,netral
Film ini sangat bagus dan menarik ke-219,netral
Film ini sangat bagus dan menarik ke-220,netral
Film ini sangat bagus dan menarik ke-221,netral
Film ini sangat bagus dan menarik ke-222,netral
Film ini sangat bagus dan menarik ke-223,netral
Film ini sangat bagus dan menarik ke-224,netral
Film ini sangat bagus dan menarik ke-225,netral
Film ini sangat bagus dan menarik ke-226,netral
Film ini sangat bagus dan menarik ke-227,netral
Film ini sangat bagus dan menarik ke-228,netral
Film ini sangat bagus dan menarik ke-229,netral
Film ini sangat bagus dan menarik ke-230,netral
Film ini sangat bagus dan menarik ke-231,netral
Film ini sangat bagus dan menarik ke-232,netral
Film ini sangat bagus dan menarik ke-233,netral
Film ini sangat bagus dan menarik ke-234,netral
Film ini sangat bagus dan menarik ke-235,netral
Film ini sangat bagus dan menarik ke-236,netral
Film ini sangat bagus dan menarik ke-237,netral
Film ini sangat bagus dan menarik ke-238,netral
Film ini sangat bagus dan menarik ke-239,netral
Film ini sangat bagus dan menarik ke-240,netral
Film ini sangat bagus dan menarik ke-241,netral
Film ini sangat bagus dan menarik ke-242,netral
Film ini sangat bagus dan menarik ke-243,netral
Film ini sangat bagus dan menarik ke-244,netral
Film ini sangat bagus dan menarik ke-245,netral
Film ini sangat bagus dan menarik ke-246,netral
Film ini sangat bagus dan menarik ke-247,netral
Film ini sangat bagus dan menarik ke-248,netral
Film ini sangat bagus dan menarik ke-249,netral
Film ini sangat bagus dan menarik ke-250,netral
Film ini sangat bagus dan menarik ke-251,positif
Film ini sangat bagus dan menarik ke-252,positif
Film ini sangat bagus dan menarik ke-253,positif
Film ini sangat bagus dan menarik ke-254,positif
Film ini sangat bagus dan menarik ke-255,positif
Film ini sangat bagus dan menarik ke-256,positif
Film ini sangat bagus dan menarik ke-257,positif
Film ini sangat bagus dan menarik ke-258,positif
Film ini sangat bagus dan menarik ke-259,positif
Film ini sangat bagus dan menarik ke-260,positif
Film ini sangat bagus dan menarik ke-261,positif
Film ini sangat bagus dan menarik ke-262,positif
Film ini sangat bagus dan menarik ke-263,positif
Film ini sangat bagus dan menarik ke-264,positif
Film ini sangat bagus dan menarik ke-265,positif
Film ini sangat bagus dan menarik ke-266,positif
Film ini sangat bagus dan menarik ke-267,positif
Film ini sangat bagus dan menarik ke-268,positif
Film ini sangat bagus dan menarik ke-269,positif
Film ini sangat bagus dan menarik ke-270,positif
Film ini sangat bagus dan menarik ke-271,positif
Film ini sangat bagus dan menarik ke-272,positif
Film ini sangat bagus dan menarik ke-273,positif
Film ini sangat bagus dan menarik ke-274,positif
Film ini sangat bagus dan menarik ke-275,positif
Film ini sangat bagus dan menarik ke-276,positif
Film ini sangat bagus dan menarik ke-277,positif
Film ini sangat bagus dan menarik ke-278,positif
Film ini sangat bagus dan menarik ke-279,positif
Film ini sangat bagus dan menarik ke-280,positif
Film ini sangat bagus dan menarik ke-281,positif
Film ini sangat bagus dan menarik ke-282,positif
Film ini sangat bagus dan menarik ke-283,positif
Film ini sangat bagus dan menarik ke-284,positif
Film ini sangat bagus dan menarik ke-285,positif
Film ini sangat bagus dan menarik ke-286,positif
Film ini sangat bagus dan menarik ke-287,positif
Film ini sangat bagus dan menarik ke-288,positif
Film ini sangat bagus dan menarik ke-289,positif
Film ini sangat bagus dan menarik ke-290,positif
Film ini sangat bagus dan menarik ke-291,positif
Film ini sangat bagus dan menarik ke-292,positif
Film ini sangat bagus dan menarik ke-293,positif
Film ini sangat bagus dan menarik ke-294,positif
Film ini sangat bagus dan menarik ke-295,positif
Film ini sangat bagus dan menarik ke-296,positif
Film ini sangat bagus dan menarik ke-297,positif
Film ini sangat bagus dan menarik ke-298,positif
Film ini sangat bagus dan menarik ke-299,positif
Film ini sangat bagus dan menarik ke-300,positif
Film ini sangat bagus dan menarik ke-301,positif
Film ini sangat bagus dan menarik ke-302,positif
Film ini sangat bagus dan menarik ke-303,positif
Film ini sangat bagus dan menarik ke-304,positif
Film ini sangat bagus dan menarik ke-305,positif
Film ini sangat bagus dan menarik ke-306,positif
Film ini sangat bagus dan menarik ke-307,positif
Film ini sangat bagus dan menarik ke-308,positif
Film ini sangat bagus dan menarik ke-309,positif
Film ini sangat bagus dan menarik ke-310,positif
Film ini sangat bagus dan menarik ke-311,positif
Film ini sangat bagus dan menarik ke-312,positif
Film ini sangat bagus dan menarik ke-313,positif
Film ini sangat bagus dan menarik ke-314,positif
Film ini sangat bagus dan menarik ke-315,positif
Film ini sangat bagus dan menarik ke-316,positif
Film ini sangat bagus dan menarik ke-317,positif
Film ini sangat bagus dan menarik ke-318,positif
Film ini sangat bagus dan menarik ke-319,positif
Film ini sangat bagus dan menarik ke-320,positif
Film ini sangat bagus dan menarik ke-321,positif
Film ini sangat bagus dan menarik ke-322,positif
Film ini sangat bagus dan menarik ke-323,positif
Film ini sangat bagus dan menarik ke-324,positif
Film ini sangat bagus dan menarik ke-325,positif
Film ini sangat bagus dan menarik ke-326,positif
Film ini sangat bagus dan menarik ke-327,positif
Film ini sangat bagus dan menarik ke-328,positif
Film ini sangat bagus dan menarik ke-329,positif
Film ini sangat bagus dan menarik ke-330,positif
Film ini sangat bagus dan menarik ke-331,positif
Film ini sangat bagus dan menarik ke-332,positif
Film ini sangat bagus dan menarik ke-333,positif
Film ini sangat bagus dan menarik ke-334,positif
Film ini sangat bagus dan menarik ke-335,positif
Film ini sangat bagus dan menarik ke-336,positif
Film ini sangat bagus dan menarik ke-337,positif
Film ini sangat bagus dan menarik ke-338,positif
Film ini sangat bagus dan menarik ke-339,positif
Film ini sangat bagus dan menarik ke-340,positif
Film ini sangat bagus dan menarik ke-341,positif
Film ini sangat bagus dan menarik ke-342,positif
Film ini sangat bagus dan menarik ke-343,positif
Film ini sangat bagus dan menarik ke-344,positif
Film ini sangat bagus dan menarik ke-345,positif
Film ini sangat bagus dan menarik ke-346,positif
Film ini sangat bagus dan menarik ke-347,positif
Film ini sangat bagus dan menarik ke-348,positif
Film ini sangat bagus dan menarik ke-349,positif
Film ini sangat bagus dan menarik ke-350,positif
Film ini sangat buruk dan mengecewakan ke-1,negatif
Film ini sangat buruk dan mengecewakan ke-2,negatif
Film ini sangat buruk dan mengecewakan ke-3,negatif
Film ini sangat buruk dan mengecewakan ke-4,negatif
Film ini sangat buruk dan mengecewakan ke-5,negatif
Film ini sangat buruk dan mengecewakan ke-6,negatif
Film ini sangat buruk dan mengecewakan ke-7,negatif
Film ini sangat buruk dan mengecewakan ke-8,negatif
Film ini sangat buruk dan mengecewakan ke-9,negatif
Film ini sangat buruk dan mengecewakan ke-10,negatif
Film ini sangat buruk dan mengecewakan ke-11,negatif
Film ini sangat buruk dan mengecewakan ke-12,negatif
Film ini sangat buruk dan mengecewakan ke-13,negatif
Film ini sangat buruk dan mengecewakan ke-14,negatif
Film ini sangat buruk dan mengecewakan ke-15,negatif
Film ini sangat buruk dan mengecewakan ke-16,negatif
Film ini sangat buruk dan mengecewakan ke-17,negatif
Film ini sangat buruk dan mengecewakan ke-18,negatif
Film ini sangat buruk dan mengecewakan ke-19,negatif
Film ini sangat buruk dan mengecewakan ke-20,negatif
Film ini sangat buruk dan mengecewakan ke-21,negatif
Film ini sangat buruk dan mengecewakan ke-22,negatif
Film ini sangat buruk dan mengecewakan ke-23,negatif
Film ini sangat buruk dan mengecewakan ke-24,negatif
Film ini sangat buruk dan mengecewakan ke-25,negatif
Film ini sangat buruk dan mengecewakan ke-26,negatif
Film ini sangat buruk dan mengecewakan ke-27,negatif
Film ini sangat buruk dan mengecewakan ke-28,negatif
Film ini sangat buruk dan mengecewakan ke-29,negatif
Film ini sangat buruk dan mengecewakan ke-30,negatif
Film ini sangat buruk dan mengecewakan ke-31,negatif
Film ini sangat buruk dan mengecewakan ke-32,negatif
Film ini sangat buruk dan mengecewakan ke-33,negatif
Film ini sangat buruk dan mengecewakan ke-34,negatif
Film ini sangat buruk dan mengecewakan ke-35,negatif
Film ini sangat buruk dan mengecewakan ke-36,negatif
Film ini sangat buruk dan mengecewakan ke-37,negatif
Film ini sangat buruk dan mengecewakan ke-38,negatif
Film ini sangat buruk dan mengecewakan ke-39,negatif
Film ini sangat buruk dan mengecewakan ke-40,negatif
Film ini sangat buruk dan mengecewakan ke-41,negatif
Film ini sangat buruk dan mengecewakan ke-42,negatif
Film ini sangat buruk dan mengecewakan ke-43,negatif
Film ini sangat buruk dan mengecewakan ke-44,negatif
Film ini sangat buruk dan mengecewakan ke-45,negatif
Film ini sangat buruk dan mengecewakan ke-46,negatif
Film ini sangat buruk dan mengecewakan ke-47,negatif
Film ini sangat buruk dan mengecewakan ke-48,negatif
Film ini sangat buruk dan mengecewakan ke-49,negatif
Film ini sangat buruk dan mengecewakan ke-50,negatif
Film ini sangat buruk dan mengecewakan ke-51,negatif
Film ini sangat buruk dan mengecewakan ke-52,negatif
Film ini sangat buruk dan mengecewakan ke-53,negatif
Film ini sangat buruk dan mengecewakan ke-54,negatif
Film ini sangat buruk dan mengecewakan ke-55,negatif
Film ini sangat buruk dan mengecewakan ke-56,negatif
Film ini sangat buruk dan mengecewakan ke-57,negatif
Film ini sangat buruk dan mengecewakan ke-58,negatif
Film ini sangat buruk dan mengecewakan ke-59,negatif
Film ini sangat buruk dan mengecewakan ke-60,negatif
Film ini sangat buruk dan mengecewakan ke-61,negatif
Film ini sangat buruk dan mengecewakan ke-62,negatif
Film ini sangat buruk dan mengecewakan ke-63,negatif
Film ini sangat buruk dan mengecewakan ke-64,negatif
Film ini sangat buruk dan mengecewakan ke-65,negatif
Film ini sangat buruk dan mengecewakan ke-66,negatif
Film ini sangat buruk dan mengecewakan ke-67,negatif
Film ini sangat buruk dan mengecewakan ke-68,negatif
Film ini sangat buruk dan mengecewakan ke-69,negatif
Film ini sangat buruk dan mengecewakan ke-70,negatif
Film ini sangat buruk dan mengecewakan ke-71,negatif
Film ini sangat buruk dan mengecewakan ke-72,negatif
Film ini sangat buruk dan mengecewakan ke-73,negatif
Film ini sangat buruk dan mengecewakan ke-74,negatif
Film ini sangat buruk dan mengecewakan ke-75,negatif
Film ini sangat buruk dan mengecewakan ke-76,negatif
Film ini sangat buruk dan mengecewakan ke-77,negatif
Film ini sangat buruk dan mengecewakan ke-78,negatif
Film ini sangat buruk dan mengecewakan ke-79,negatif
Film ini sangat buruk dan mengecewakan ke-80,negatif
Film ini sangat buruk dan mengecewakan ke-81,negatif
Film ini sangat buruk dan mengecewakan ke-82,negatif
Film ini sangat buruk dan mengecewakan ke-83,negatif
Film ini sangat buruk dan mengecewakan ke-84,negatif
Film ini sangat buruk dan mengecewakan ke-85,negatif
Film ini sangat buruk dan mengecewakan ke-86,negatif
Film ini sangat buruk dan mengecewakan ke-87,negatif
Film ini sangat buruk dan mengecewakan ke-88,negatif
Film ini sangat buruk dan mengecewakan ke-89,negatif
Film ini sangat buruk dan mengecewakan ke-90,negatif
Film ini sangat buruk dan mengecewakan ke-91,negatif
Film ini sangat buruk dan mengecewakan ke-92,negatif
Film ini sangat buruk dan mengecewakan ke-93,negatif
Film ini sangat buruk dan mengecewakan ke-94,negatif
Film ini sangat buruk dan mengecewakan ke-95,negatif
Film ini sangat buruk dan mengecewakan ke-96,negatif
Film ini sangat buruk dan mengecewakan ke-97,negatif
Film ini sangat buruk dan mengecewakan ke-98,negatif
Film ini sangat buruk dan mengecewakan ke-99,negatif
Film ini sangat buruk dan mengecewakan ke-100,negatif
Film ini sangat buruk dan mengecewakan ke-101,negatif
Film ini sangat buruk dan mengecewakan ke-102,negatif
Film ini sangat buruk dan mengecewakan ke-103,negatif
Film ini sangat buruk dan mengecewakan ke-104,negatif
Film ini sangat buruk dan mengecewakan ke-105,negatif
Film ini sangat buruk dan mengecewakan ke-106,negatif
Film ini sangat buruk dan mengecewakan ke-107,negatif
Film ini sangat buruk dan mengecewakan ke-108,negatif
Film ini sangat buruk dan mengecewakan ke-109,negatif
Film ini sangat buruk dan mengecewakan ke-110,negatif
Film ini sangat buruk dan mengecewakan ke-111,negatif
Film ini sangat buruk dan mengecewakan ke-112,negatif
Film ini sangat buruk dan mengecewakan ke-113,negatif
Film ini sangat buruk dan mengecewakan ke-114,negatif
Film ini sangat buruk dan mengecewakan ke-115,negatif
Film ini sangat buruk dan mengecewakan ke-116,negatif
Film ini sangat buruk dan mengecewakan ke-117,negatif
Film ini sangat buruk dan mengecewakan ke-118,negatif
Film ini sangat buruk dan mengecewakan ke-119,negatif
Film ini sangat buruk dan mengecewakan ke-120,negatif
Film ini sangat buruk dan mengecewakan ke-121,negatif
Film ini sangat buruk dan mengecewakan ke-122,negatif
Film ini sangat buruk dan mengecewakan ke-123,negatif
Film ini sangat buruk dan mengecewakan ke-124,negatif
Film ini sangat buruk dan mengecewakan ke-125,negatif
Film ini sangat buruk dan mengecewakan ke-126,negatif
Film ini sangat buruk dan mengecewakan ke-127,negatif
Film ini sangat buruk dan mengecewakan ke-128,negatif
Film ini sangat buruk dan mengecewakan ke-129,negatif
Film ini sangat buruk dan mengecewakan ke-130,negatif
Film ini sangat buruk dan mengecewakan ke-131,negatif
Film ini sangat buruk dan mengecewakan ke-132,negatif
Film ini sangat buruk dan mengecewakan ke-133,negatif
Film ini sangat buruk dan mengecewakan ke-134,negatif
Film ini sangat buruk dan mengecewakan ke-135,negatif
Film ini sangat buruk dan mengecewakan ke-136,negatif
Film ini sangat buruk dan mengecewakan ke-137,negatif
Film ini sangat buruk dan mengecewakan ke-138,negatif
Film ini sangat buruk dan mengecewakan ke-139,negatif
Film ini sangat buruk dan mengecewakan ke-140,negatif
Film ini sangat buruk dan mengecewakan ke-141,negatif
Film ini sangat buruk dan mengecewakan ke-142,negatif
Film ini sangat buruk dan mengecewakan ke-143,negatif
Film ini sangat buruk dan mengecewakan ke-144,negatif
Film ini sangat buruk dan mengecewakan ke-145,negatif
Film ini sangat buruk dan mengecewakan ke-146,negatif
Film ini sangat buruk dan mengecewakan ke-147,negatif
Film ini sangat buruk dan mengecewakan ke-148,negatif
Film ini sangat buruk dan mengecewakan ke-149,negatif
Film ini sangat buruk dan mengecewakan ke-150,negatif
Film ini sangat buruk dan mengecewakan ke-151,negatif
Film ini sangat buruk dan mengecewakan ke-152,negatif
Film ini sangat buruk dan mengecewakan ke-153,negatif
Film ini sangat buruk dan mengecewakan ke-154,negatif
Film ini sangat buruk dan mengecewakan ke-155,negatif
Film ini sangat buruk dan mengecewakan ke-156,negatif
Film ini sangat buruk dan mengecewakan ke-157,negatif
Film ini sangat buruk dan mengecewakan ke-158,negatif
Film ini sangat buruk dan mengecewakan ke-159,negatif
Film ini sangat buruk dan mengecewakan ke-160,negatif
Film ini sangat buruk dan mengecewakan ke-161,negatif
Film ini sangat buruk dan mengecewakan ke-162,negatif
Film ini sangat buruk dan mengecewakan ke-163,negatif
Film ini sangat buruk dan mengecewakan ke-164,negatif
Film ini sangat buruk dan mengecewakan ke-165,negatif
Film ini sangat buruk dan mengecewakan ke-166,negatif
Film ini sangat buruk dan mengecewakan ke-167,negatif
Film ini sangat buruk dan mengecewakan ke-168,negatif
Film ini sangat buruk dan mengecewakan ke-169,negatif
Film ini sangat buruk dan mengecewakan ke-170,negatif
Film ini sangat buruk dan mengecewakan ke-171,negatif
Film ini sangat buruk dan mengecewakan ke-172,negatif
Film ini sangat buruk dan mengecewakan ke-173,negatif
Film ini sangat buruk dan mengecewakan ke-174,negatif
Film ini sangat buruk dan mengecewakan ke-175,negatif
Film ini sangat buruk dan mengecewakan ke-176,negatif
Film ini sangat buruk dan mengecewakan ke-177,negatif
Film ini sangat buruk dan mengecewakan ke-178,negatif
Film ini sangat buruk dan mengecewakan ke-179,negatif
Film ini sangat buruk dan mengecewakan ke-180,negatif
Film ini sangat buruk dan mengecewakan ke-181,negatif
Film ini sangat buruk dan mengecewakan ke-182,negatif
Film ini sangat buruk dan mengecewakan ke-183,negatif
Film ini sangat buruk dan mengecewakan ke-184,negatif
Film ini sangat buruk dan mengecewakan ke-185,negatif
Film ini sangat buruk dan mengecewakan ke-186,negatif
Film ini sangat buruk dan mengecewakan ke-187,negatif
Film ini sangat buruk dan mengecewakan ke-188,negatif
Film ini sangat buruk dan mengecewakan ke-189,negatif
Film ini sangat buruk dan mengecewakan ke-190,negatif
Film ini sangat buruk dan mengecewakan ke-191,negatif
Film ini sangat buruk dan mengecewakan ke-192,negatif
Film ini sangat buruk dan mengecewakan ke-193,negatif
Film ini sangat buruk dan mengecewakan ke-194,negatif
Film ini sangat buruk dan mengecewakan ke-195,negatif
Film ini sangat buruk dan mengecewakan ke-196,negatif
Film ini sangat buruk dan mengecewakan ke-197,negatif
Film ini sangat buruk dan mengecewakan ke-198,negatif
Film ini sangat buruk dan mengecewakan ke-199,negatif
Film ini sangat buruk dan mengecewakan ke-200,negatif
Film ini sangat buruk dan mengecewakan ke-201,negatif
Film ini sangat buruk dan mengecewakan ke-202,negatif
Film ini sangat buruk dan mengecewakan ke-203,negatif
Film ini sangat buruk dan mengecewakan ke-204,negatif
Film ini sangat buruk dan mengecewakan ke-205,negatif
Film ini sangat buruk dan mengecewakan ke-206,negatif
Film ini sangat buruk dan mengecewakan ke-207,negatif
Film ini sangat buruk dan mengecewakan ke-208,negatif
Film ini sangat buruk dan mengecewakan ke-209,negatif
Film ini sangat buruk dan mengecewakan ke-210,negatif
Film ini sangat buruk dan mengecewakan ke-211,negatif
Film ini sangat buruk dan mengecewakan ke-212,negatif
Film ini sangat buruk dan mengecewakan ke-213,negatif
Film ini sangat buruk dan mengecewakan ke-214,negatif
Film ini sangat buruk dan mengecewakan ke-215,negatif
Film ini sangat buruk dan mengecewakan ke-216,negatif
Film ini sangat buruk dan mengecewakan ke-217,negatif
Film ini sangat buruk dan mengecewakan ke-218,negatif
Film ini sangat buruk dan mengecewakan ke-219,negatif
Film ini sangat buruk dan mengecewakan ke-220,negatif
Film ini sangat buruk dan mengecewakan ke-221,negatif
Film ini sangat buruk dan mengecewakan ke-222,negatif
Film ini sangat buruk dan mengecewakan ke-223,negatif
Film ini sangat buruk dan mengecewakan ke-224,negatif
Film ini sangat buruk dan mengecewakan ke-225,negatif
Film ini sangat buruk dan mengecewakan ke-226,negatif
Film ini sangat buruk dan mengecewakan ke-227,negatif
Film ini sangat buruk dan mengecewakan ke-228,negatif
Film ini sangat buruk dan mengecewakan ke-229,negatif
Film ini sangat buruk dan mengecewakan ke-230,negatif
Film ini sangat buruk dan mengecewakan ke-231,negatif
Film ini sangat buruk dan mengecewakan ke-232,negatif
Film ini sangat buruk dan mengecewakan ke-233,negatif
Film ini sangat buruk dan mengecewakan ke-234,negatif
Film ini sangat buruk dan mengecewakan ke-235,negatif
Film ini sangat buruk dan mengecewakan ke-236,negatif
Film ini sangat buruk dan mengecewakan ke-237,negatif
Film ini sangat buruk dan mengecewakan ke-238,negatif
Film ini sangat buruk dan mengecewakan ke-239,negatif
Film ini sangat buruk dan mengecewakan ke-240,negatif
Film ini sangat buruk dan mengecewakan ke-241,negatif
Film ini sangat buruk dan mengecewakan ke-242,negatif
Film ini sangat buruk dan mengecewakan ke-243,negatif
Film ini sangat buruk dan mengecewakan ke-244,negatif
Film ini sangat buruk dan mengecewakan ke-245,negatif
Film ini sangat buruk dan mengecewakan ke-246,negatif
Film ini sangat buruk dan mengecewakan ke-247,negatif
Film ini sangat buruk dan mengecewakan ke-248,negatif
Film ini sangat buruk dan mengecewakan ke-249,negatif
Film ini sangat buruk dan mengecewakan ke-250,negatif
Film ini sangat buruk dan mengecewakan ke-251,negatif
Film ini sangat buruk dan mengecewakan ke-252,negatif
Film ini sangat buruk dan mengecewakan ke-253,negatif
Film ini sangat buruk dan mengecewakan ke-254,negatif
Film ini sangat buruk dan mengecewakan ke-255,negatif
Film ini sangat buruk dan mengecewakan ke-256,negatif
Film ini sangat buruk dan mengecewakan ke-257,negatif
Film ini sangat buruk dan mengecewakan ke-258,negatif
Film ini sangat buruk dan mengecewakan ke-259,negatif
Film ini sangat buruk dan mengecewakan ke-260,negatif
Film ini sangat buruk dan mengecewakan ke-261,negatif
Film ini sangat buruk dan mengecewakan ke-262,negatif
Film ini sangat buruk dan mengecewakan ke-263,negatif
Film ini sangat buruk dan mengecewakan ke-264,negatif
Film ini sangat buruk dan mengecewakan ke-265,negatif
Film ini sangat buruk dan mengecewakan ke-266,negatif
Film ini sangat buruk dan mengecewakan ke-267,negatif
Film ini sangat buruk dan mengecewakan ke-268,negatif
Film ini sangat buruk dan mengecewakan ke-269,negatif
Film ini sangat buruk dan mengecewakan ke-270,negatif
Film ini sangat buruk dan mengecewakan ke-271,negatif
Film ini sangat buruk dan mengecewakan ke-272,negatif
Film ini sangat buruk dan mengecewakan ke-273,negatif
Film ini sangat buruk dan mengecewakan ke-274,negatif
Film ini sangat buruk dan mengecewakan ke-275,negatif
Film ini sangat buruk dan mengecewakan ke-276,negatif
Film ini sangat buruk dan mengecewakan ke-277,negatif
Film ini sangat buruk dan mengecewakan ke-278,negatif
Film ini sangat buruk dan mengecewakan ke-279,negatif
Film ini sangat buruk dan mengecewakan ke-280,negatif
Film ini sangat buruk dan mengecewakan ke-281,negatif
Film ini sangat buruk dan mengecewakan ke-282,negatif
Film ini sangat buruk dan mengecewakan ke-283,negatif
Film ini sangat buruk dan mengecewakan ke-284,negatif
Film ini sangat buruk dan mengecewakan ke-285,negatif
Film ini sangat buruk dan mengecewakan ke-286,negatif
Film ini sangat buruk dan mengecewakan ke-287,negatif
Film ini sangat buruk dan mengecewakan ke-288,negatif
Film ini sangat buruk dan mengecewakan ke-289,negatif
Film ini sangat buruk dan mengecewakan ke-290,negatif
Film ini sangat buruk dan mengecewakan ke-291,negatif
Film ini sangat buruk dan mengecewakan ke-292,negatif
Film ini sangat buruk dan mengecewakan ke-293,negatif
Film ini sangat buruk dan mengecewakan ke-294,negatif
Film ini sangat buruk dan mengecewakan ke-295,negatif
Film ini sangat buruk dan mengecewakan ke-296,negatif
Film ini sangat buruk dan mengecewakan ke-297,negatif
Film ini sangat buruk dan mengecewakan ke-298,negatif
Film ini sangat buruk dan mengecewakan ke-299,negatif
Film ini sangat buruk dan mengecewakan ke-300,negatif
Film ini sangat buruk dan mengecewakan ke-301,negatif
Film ini sangat buruk dan mengecewakan ke-302,negatif
Film ini sangat buruk dan mengecewakan ke-303,negatif
Film ini sangat buruk dan mengecewakan ke-304,negatif
Film ini sangat buruk dan mengecewakan ke-305,negatif
Film ini sangat buruk dan mengecewakan ke-306,negatif
Film ini sangat buruk dan mengecewakan ke-307,negatif
Film ini sangat buruk dan mengecewakan ke-308,negatif
Film ini sangat buruk dan mengecewakan ke-309,negatif
Film ini sangat buruk dan mengecewakan ke-310,negatif
Film ini sangat buruk dan mengecewakan ke-311,negatif
Film ini sangat buruk dan mengecewakan ke-312,negatif
Film ini sangat buruk dan mengecewakan ke-313,negatif
Film ini sangat buruk dan mengecewakan ke-314,negatif
Film ini sangat buruk dan mengecewakan ke-315,negatif
Film ini sangat buruk dan mengecewakan ke-316,negatif
Film ini sangat buruk dan mengecewakan ke-317,negatif
Film ini sangat buruk dan mengecewakan ke-318,negatif
Film ini sangat buruk dan mengecewakan ke-319,negatif
Film ini sangat buruk dan mengecewakan ke-320,negatif
Film ini sangat buruk dan mengecewakan ke-321,negatif
Film ini sangat buruk dan mengecewakan ke-322,negatif
Film ini sangat buruk dan mengecewakan ke-323,negatif
Film ini sangat buruk dan mengecewakan ke-324,negatif
Film ini sangat buruk dan mengecewakan ke-325,negatif
Film ini sangat buruk dan mengecewakan ke-326,negatif
Film ini sangat buruk dan mengecewakan ke-327,negatif
Film ini sangat buruk dan mengecewakan ke-328,negatif
Film ini sangat buruk dan mengecewakan ke-329,negatif
Film ini sangat buruk dan mengecewakan ke-330,negatif
Film ini sangat buruk dan mengecewakan ke-331,negatif
Film ini sangat buruk dan mengecewakan ke-332,negatif
Film ini sangat buruk dan mengecewakan ke-333,negatif
Film ini sangat buruk dan mengecewakan ke-334,negatif
Film ini sangat buruk dan mengecewakan ke-335,negatif
Film ini sangat buruk dan mengecewakan ke-336,negatif
Film ini sangat buruk dan mengecewakan ke-337,negatif
Film ini sangat buruk dan mengecewakan ke-338,negatif
Film ini sangat buruk dan mengecewakan ke-339,negatif
Film ini sangat buruk dan mengecewakan ke-340,negatif
Film ini sangat buruk dan mengecewakan ke-341,negatif
Film ini sangat buruk dan mengecewakan ke-342,negatif
Film ini sangat buruk dan mengecewakan ke-343,negatif
Film ini sangat buruk dan mengecewakan ke-344,negatif
Film ini sangat buruk dan mengecewakan ke-345,negatif
Film ini sangat buruk dan mengecewakan ke-346,negatif
Film ini sangat buruk dan mengecewakan ke-347,negatif
Film ini sangat buruk dan mengecewakan ke-348,negatif
Film ini sangat buruk dan mengecewakan ke-349,negatif
Film ini sangat buruk dan mengecewakan ke-350,negatif
Film ini cukup biasa saja ke-1,netral
Film ini cukup biasa saja ke-2,netral
Film ini cukup biasa saja ke-3,netral
Film ini cukup biasa saja ke-4,netral
Film ini cukup biasa saja ke-5,netral
Film ini cukup biasa saja ke-6,netral
Film ini cukup biasa saja ke-7,netral
Film ini cukup biasa saja ke-8,netral
Film ini cukup biasa saja ke-9,netral
Film ini cukup biasa saja ke-10,netral
Film ini cukup biasa saja ke-11,netral
Film ini cukup biasa saja ke-12,netral
Film ini cukup biasa saja ke-13,netral
Film ini cukup biasa saja ke-14,netral
Film ini cukup biasa saja ke-15,netral
Film ini cukup biasa saja ke-16,netral
Film ini cukup biasa saja ke-17,netral
Film ini cukup biasa saja ke-18,netral
Film ini cukup biasa saja ke-19,netral
Film ini cukup biasa saja ke-20,netral
Film ini cukup biasa saja ke-21,netral
Film ini cukup biasa saja ke-22,netral
Film ini cukup biasa saja ke-23,netral
Film ini cukup biasa saja ke-24,netral
Film ini cukup biasa saja ke-25,netral
Film ini cukup biasa saja ke-26,netral
Film ini cukup biasa saja ke-27,netral
Film ini cukup biasa saja ke-28,netral
Film ini cukup biasa saja ke-29,netral
Film ini cukup biasa saja ke-30,netral
Film ini cukup biasa saja ke-31,netral
Film ini cukup biasa saja ke-32,netral
Film ini cukup biasa saja ke-33,netral
Film ini cukup biasa saja ke-34,netral
Film ini cukup biasa saja ke-35,netral
Film ini cukup biasa saja ke-36,netral
Film ini cukup biasa saja ke-37,netral
Film ini cukup biasa saja ke-38,netral
Film ini cukup biasa saja ke-39,netral
Film ini cukup biasa saja ke-40,netral
Film ini cukup biasa saja ke-41,netral
Film ini cukup biasa saja ke-42,netral
Film ini cukup biasa saja ke-43,netral
Film ini cukup biasa saja ke-44,netral
Film ini cukup biasa saja ke-45,netral
Film ini cukup biasa saja ke-46,netral
Film ini cukup biasa saja ke-47,netral
Film ini cukup biasa saja ke-48,netral
Film ini cukup biasa saja ke-49,netral
Film ini cukup biasa saja ke-50,netral
Film ini cukup biasa saja ke-51,netral
Film ini cukup biasa saja ke-52,netral
Film ini cukup biasa saja ke-53,netral
Film ini cukup biasa saja ke-54,netral
Film ini cukup biasa saja ke-55,netral
Film ini cukup biasa saja ke-56,netral
Film ini cukup biasa saja ke-57,netral
Film ini cukup biasa saja ke-58,netral
Film ini cukup biasa saja ke-59,netral
Film ini cukup biasa saja ke-60,netral
Film ini cukup biasa saja ke-61,netral
Film ini cukup biasa saja ke-62,netral
Film ini cukup biasa saja ke-63,netral
Film ini cukup biasa saja ke-64,netral
Film ini cukup biasa saja ke-65,netral
Film ini cukup biasa saja ke-66,netral
Film ini cukup biasa saja ke-67,netral
Film ini cukup biasa saja ke-68,netral
Film ini cukup biasa saja ke-69,netral
Film ini cukup biasa saja ke-70,netral
Film ini cukup biasa saja ke-71,netral
Film ini cukup biasa saja ke-72,netral
Film ini cukup biasa saja ke-73,netral
Film ini cukup biasa saja ke-74,netral
Film ini cukup biasa saja ke-75,netral
Film ini cukup biasa saja ke-76,netral
Film ini cukup biasa saja ke-77,netral
Film ini cukup biasa saja ke-78,netral
Film ini cukup biasa saja ke-79,netral
Film ini cukup biasa saja ke-80,netral
Film ini cukup biasa saja ke-81,netral
Film ini cukup biasa saja ke-82,netral
Film ini cukup biasa saja ke-83,netral
Film ini cukup biasa saja ke-84,netral
Film ini cukup biasa saja ke-85,netral
Film ini cukup biasa saja ke-86,netral
Film ini cukup biasa saja ke-87,netral
Film ini cukup biasa saja ke-88,netral
Film ini cukup biasa saja ke-89,netral
Film ini cukup biasa saja ke-90,netral
Film ini cukup biasa saja ke-91,netral
Film ini cukup biasa saja ke-92,netral
Film ini cukup biasa saja ke-93,netral
Film ini cukup biasa saja ke-94,netral
Film ini cukup biasa saja ke-95,netral
Film ini cukup biasa saja ke-96,netral
Film ini cukup biasa saja ke-97,netral
Film ini cukup biasa saja ke-98,netral
Film ini cukup biasa saja ke-99,netral
Film ini cukup biasa saja ke-100,netral
Film ini cukup biasa saja ke-101,netral
Film ini cukup biasa saja ke-102,netral
Film ini cukup biasa saja ke-103,netral
Film ini cukup biasa saja ke-104,netral
Film ini cukup biasa saja ke-105,netral
Film ini cukup biasa saja ke-106,netral
Film ini cukup biasa saja ke-107,netral
Film ini cukup biasa saja ke-108,netral
Film ini cukup biasa saja ke-109,netral
Film ini cukup biasa saja ke-110,netral
Film ini cukup biasa saja ke-111,netral
Film ini cukup biasa saja ke-112,netral
Film ini cukup biasa saja ke-113,netral
Film ini cukup biasa saja ke-114,netral
Film ini cukup biasa saja ke-115,netral
Film ini cukup biasa saja ke-116,netral
Film ini cukup biasa saja ke-117,netral
Film ini cukup biasa saja ke-118,netral
Film ini cukup biasa saja ke-119,netral
Film ini cukup biasa saja ke-120,netral
Film ini cukup biasa saja ke-121,netral
Film ini cukup biasa saja ke-122,netral
Film ini cukup biasa saja ke-123,netral
Film ini cukup biasa saja ke-124,netral
Film ini cukup biasa saja ke-125,netral
Film ini cukup biasa saja ke-126,netral
Film ini cukup biasa saja ke-127,netral
Film ini cukup biasa saja ke-128,netral
Film ini cukup biasa saja ke-129,netral
Film ini cukup biasa saja ke-130,netral
Film ini cukup biasa saja ke-131,netral
Film ini cukup biasa saja ke-132,netral
Film ini cukup biasa saja ke-133,netral
Film ini cukup biasa saja ke-134,netral
Film ini cukup biasa saja ke-135,netral
Film ini cukup biasa saja ke-136,netral
Film ini cukup biasa saja ke-137,netral
Film ini cukup biasa saja ke-138,netral
Film ini cukup biasa saja ke-139,netral
Film ini cukup biasa saja ke-140,netral
Film ini cukup biasa saja ke-141,netral
Film ini cukup biasa saja ke-142,netral
Film ini cukup biasa saja ke-143,netral
Film ini cukup biasa saja ke-144,netral
Film ini cukup biasa saja ke-145,netral
Film ini cukup biasa saja ke-146,netral
Film ini cukup biasa saja ke-147,netral
Film ini cukup biasa saja ke-148,netral
Film ini cukup biasa saja ke-149,netral
Film ini cukup biasa saja ke-150,netral
Film ini cukup biasa saja ke-151,netral
Film ini cukup biasa saja ke-152,netral
Film ini cukup biasa saja ke-153,netral
Film ini cukup biasa saja ke-154,netral
Film ini cukup biasa saja ke-155,netral
Film ini cukup biasa saja ke-156,netral
Film ini cukup biasa saja ke-157,netral
Film ini cukup biasa saja ke-158,netral
Film ini cukup biasa saja ke-159,netral
Film ini cukup biasa saja ke-160,netral
Film ini cukup biasa saja ke-161,netral
Film ini cukup biasa saja ke-162,netral
Film ini cukup biasa saja ke-163,netral
Film ini cukup biasa saja ke-164,netral
Film ini cukup biasa saja ke-165,netral
Film ini cukup biasa saja ke-166,netral
Film ini cukup biasa saja ke-167,netral
Film ini cukup biasa saja ke-168,netral
Film ini cukup biasa saja ke-169,netral
Film ini cukup biasa saja ke-170,netral
Film ini cukup biasa saja ke-171,netral
Film ini cukup biasa saja ke-172,netral
Film ini cukup biasa saja ke-173,netral
Film ini cukup biasa saja ke-174,netral
Film ini cukup biasa saja ke-175,netral
Film ini cukup biasa saja ke-176,netral
Film ini cukup biasa saja ke-177,netral
Film ini cukup biasa saja ke-178,netral
Film ini cukup biasa saja ke-179,netral
Film ini cukup biasa saja ke-180,netral
Film ini cukup biasa saja ke-181,netral
Film ini cukup biasa saja ke-182,netral
Film ini cukup biasa saja ke-183,netral
Film ini cukup biasa saja ke-184,netral
Film ini cukup biasa saja ke-185,netral
Film ini cukup biasa saja ke-186,netral
Film ini cukup biasa saja ke-187,netral
Film ini cukup biasa saja ke-188,netral
Film ini cukup biasa saja ke-189,netral
Film ini cukup biasa saja ke-190,netral
Film ini cukup biasa saja ke-191,netral
Film ini cukup biasa saja ke-192,netral
Film ini cukup biasa saja ke-193,netral
Film ini cukup biasa saja ke-194,netral
Film ini cukup biasa saja ke-195,netral
Film ini cukup biasa saja ke-196,netral
Film ini cukup biasa saja ke-197,netral
Film ini cukup biasa saja ke-198,netral
Film ini cukup biasa saja ke-199,netral
Film ini cukup biasa saja ke-200,netral
Film ini cukup biasa saja ke-201,netral
Film ini cukup biasa saja ke-202,netral
Film ini cukup biasa saja ke-203,netral
Film ini cukup biasa saja ke-204,netral
Film ini cukup biasa saja ke-205,netral
Film ini cukup biasa saja ke-206,netral
Film ini cukup biasa saja ke-207,netral
Film ini cukup biasa saja ke-208,netral
Film ini cukup biasa saja ke-209,netral
Film ini cukup biasa saja ke-210,netral
Film ini cukup biasa saja ke-211,netral
Film ini cukup biasa saja ke-212,netral
Film ini cukup biasa saja ke-213,netral
Film ini cukup biasa saja ke-214,netral
Film ini cukup biasa saja ke-215,netral
Film ini cukup biasa saja ke-216,netral
Film ini cukup biasa saja ke-217,netral
Film ini cukup biasa saja ke-218,netral
Film ini cukup biasa saja ke-219,netral
Film ini cukup biasa saja ke-220,netral
Film ini cukup biasa saja ke-221,netral
Film ini cukup biasa saja ke-222,netral
Film ini cukup biasa saja ke-223,netral
Film ini cukup biasa saja ke-224,netral
Film ini cukup biasa saja ke-225,netral
Film ini cukup biasa saja ke-226,netral
Film ini cukup biasa saja ke-227,netral
Film ini cukup biasa saja ke-228,netral
Film ini cukup biasa saja ke-229,netral
Film ini cukup biasa saja ke-230,netral
Film ini cukup biasa saja ke-231,netral
Film ini cukup biasa saja ke-232,netral
Film ini cukup biasa saja ke-233,netral
Film ini cukup biasa saja ke-234,netral
Film ini cukup biasa saja ke-235,netral
Film ini cukup biasa saja ke-236,netral
Film ini cukup biasa saja ke-237,netral
Film ini cukup biasa saja ke-238,netral
Film ini cukup biasa saja ke-239,netral
Film ini cukup biasa saja ke-240,netral
Film ini cukup biasa saja ke-241,netral
Film ini cukup biasa saja ke-242,netral
Film ini cukup biasa saja ke-243,netral
Film ini cukup biasa saja ke-244,netral
Film ini cukup biasa saja ke-245,netral
Film ini cukup biasa saja ke-246,netral
Film ini cukup biasa saja ke-247,netral
Film ini cukup biasa saja ke-248,netral
Film ini cukup biasa saja ke-249,netral
Film ini cukup biasa saja ke-250,netral
Film ini cukup biasa saja ke-251,netral
Film ini cukup biasa saja ke-252,netral
Film ini cukup biasa saja ke-253,netral
Film ini cukup biasa saja ke-254,netral
Film ini cukup biasa saja ke-255,netral
Film ini cukup biasa saja ke-256,netral
Film ini cukup biasa saja ke-257,netral
Film ini cukup biasa saja ke-258,netral
Film ini cukup biasa saja ke-259,netral
Film ini cukup biasa saja ke-260,netral
Film ini cukup biasa saja ke-261,netral
Film ini cukup biasa saja ke-262,netral
Film ini cukup biasa saja ke-263,netral
Film ini cukup biasa saja ke-264,netral
Film ini cukup biasa saja ke-265,netral
Film ini cukup biasa saja ke-266,netral
Film ini cukup biasa saja ke-267,netral
Film ini cukup biasa saja ke-268,netral
Film ini cukup biasa saja ke-269,netral
Film ini cukup biasa saja ke-270,netral
Film ini cukup biasa saja ke-271,netral
Film ini cukup biasa saja ke-272,netral
Film ini cukup biasa saja ke-273,netral
Film ini cukup biasa saja ke-274,netral
Film ini cukup biasa saja ke-275,netral
Film ini cukup biasa saja ke-276,netral
Film ini cukup biasa saja ke-277,netral
Film ini cukup biasa saja ke-278,netral
Film ini cukup biasa saja ke-279,netral
Film ini cukup biasa saja ke-280,netral
Film ini cukup biasa saja ke-281,netral
Film ini cukup biasa saja ke-282,netral
Film ini cukup biasa saja ke-283,netral
Film ini cukup biasa saja ke-284,netral
Film ini cukup biasa saja ke-285,netral
Film ini cukup biasa saja ke-286,netral
Film ini cukup biasa saja ke-287,netral
Film ini cukup biasa saja ke-288,netral
Film ini cukup biasa saja ke-289,netral
Film ini cukup biasa saja ke-290,netral
Film ini cukup biasa saja ke-291,netral
Film ini cukup biasa saja ke-292,netral
Film ini cukup biasa saja ke-293,netral
Film ini cukup biasa saja ke-294,netral
Film ini cukup biasa saja ke-295,netral
Film ini cukup biasa saja ke-296,netral
Film ini cukup biasa saja ke-297,netral
Film ini cukup biasa saja ke-298,netral
Film ini cukup biasa saja ke-299,netral
Film ini cukup biasa saja ke-300,netral
